Frame,integer_motion2,integer_motion,integer_adm2,integer_adm_scale0,integer_adm_scale1,integer_adm_scale2,integer_adm_scale3,integer_vif_scale0,integer_vif_scale1,integer_vif_scale2,integer_vif_scale3,vmaf,
0,0.000000,0.000000,0.910019,0.859633,0.857359,0.913824,0.955034,0.222669,0.693714,0.809906,0.879220,64.131930,
1,12.545672,12.545672,0.881814,0.832294,0.808568,0.884121,0.939432,0.188854,0.624789,0.745633,0.825660,66.087216,
2,12.699924,12.699924,0.881560,0.828913,0.811202,0.881943,0.940214,0.186480,0.629211,0.752654,0.834051,66.887415,
3,12.233448,12.879362,0.866320,0.815601,0.784555,0.870183,0.928357,0.176201,0.607554,0.728239,0.812645,61.763862,
4,11.826159,12.233448,0.886422,0.831654,0.818503,0.892433,0.939825,0.190684,0.655110,0.772662,0.847799,68.283478,
5,11.826159,11.826159,0.865084,0.810799,0.776365,0.865414,0.931789,0.171418,0.609555,0.728157,0.810210,61.001354,
6,12.701688,12.711871,0.878298,0.827052,0.801539,0.880184,0.935894,0.179973,0.630332,0.748674,0.828019,65.752290,
7,12.701688,12.701688,0.861880,0.812256,0.773996,0.869563,0.920413,0.173597,0.615631,0.733215,0.814541,61.498043,
8,13.041832,13.041832,0.890514,0.842877,0.820692,0.891448,0.942259,0.199402,0.665670,0.781445,0.854754,70.785151,
9,12.819995,13.058935,0.866110,0.823704,0.783487,0.860398,0.927975,0.175995,0.615390,0.733231,0.814970,62.428808,
10,12.819995,12.819995,0.878649,0.826484,0.798720,0.881685,0.936015,0.179774,0.629945,0.751599,0.832960,66.339261,
11,13.369892,13.369892,0.862212,0.820897,0.776996,0.866140,0.919829,0.175862,0.607300,0.729126,0.813757,62.081353,
12,13.422387,13.422387,0.886372,0.843710,0.815197,0.891575,0.935591,0.196953,0.653525,0.773568,0.850739,69.915370,
13,12.598223,13.590824,0.854686,0.813932,0.770776,0.851139,0.919325,0.166658,0.585531,0.710330,0.798950,58.879558,
14,12.197645,12.598223,0.846864,0.804369,0.756101,0.843989,0.915824,0.159218,0.571213,0.696812,0.787792,56.277977,
15,10.726541,12.197645,0.857384,0.813884,0.780762,0.848309,0.924771,0.166031,0.586709,0.714012,0.805087,58.194196,
16,10.726541,10.726541,0.851593,0.806007,0.770414,0.850454,0.916938,0.168635,0.593366,0.718791,0.806347,57.206335,
17,10.544472,10.831574,0.879220,0.829561,0.817146,0.881692,0.932988,0.191742,0.648826,0.768787,0.846922,65.602553,
18,10.544472,10.544472,0.861178,0.810780,0.783046,0.859992,0.927959,0.176388,0.612844,0.735165,0.818224,59.754591,
19,11.336177,11.336177,0.870524,0.818310,0.796308,0.874044,0.931229,0.181068,0.625254,0.749303,0.832480,63.409744,
20,11.370445,11.370445,0.863573,0.812499,0.787024,0.866860,0.923046,0.181259,0.621904,0.742147,0.823024,61.328309,
21,11.139047,11.820625,0.887277,0.836001,0.824367,0.890346,0.937953,0.206199,0.668939,0.785840,0.859265,68.837377,
22,11.139047,11.139047,0.864037,0.809005,0.784673,0.868679,0.925429,0.186832,0.625841,0.746893,0.826724,61.515049,
23,10.894889,11.786671,0.870456,0.816690,0.796248,0.873781,0.929169,0.190131,0.625267,0.749946,0.832129,62.960450,
24,10.894889,10.894889,0.863226,0.802873,0.784877,0.867539,0.926883,0.184308,0.613014,0.736171,0.820478,60.600770,
25,11.468954,11.468954,0.886020,0.828839,0.824436,0.891346,0.938254,0.210023,0.656173,0.776423,0.851205,68.162372,
26,12.282783,12.282783,0.866539,0.809580,0.790494,0.873299,0.924831,0.196311,0.613319,0.737768,0.820989,62.511180,
27,12.450385,12.450385,0.873433,0.817206,0.795846,0.876017,0.933936,0.199019,0.615821,0.743111,0.828204,64.561292,
28,12.664216,12.664216,0.870934,0.807913,0.792013,0.874191,0.933932,0.199967,0.613162,0.739246,0.823470,63.883664,
29,12.633459,13.255141,0.892316,0.830058,0.824694,0.896741,0.947658,0.219702,0.651012,0.774129,0.850648,70.364719,
30,12.633459,12.633459,0.866694,0.799421,0.777781,0.871755,0.935206,0.200945,0.609524,0.737786,0.823124,63.024552,
31,13.399538,13.687071,0.875243,0.815004,0.795584,0.881587,0.936001,0.201171,0.612420,0.742310,0.828972,65.808272,
32,13.399538,13.399538,0.864974,0.802801,0.779978,0.873461,0.927236,0.200414,0.597848,0.728573,0.817195,62.885222,
33,14.292752,14.292752,0.895829,0.838243,0.830097,0.899417,0.948412,0.223680,0.645216,0.770192,0.849625,72.372956,
34,14.317029,14.317029,0.860026,0.796747,0.761252,0.866518,0.930105,0.203066,0.597079,0.728152,0.816213,62.674171,
35,14.093438,15.442009,0.879632,0.831260,0.804941,0.880342,0.936220,0.211070,0.607262,0.739614,0.828484,67.184227,
36,14.093438,14.093438,0.868884,0.814863,0.790518,0.873050,0.928552,0.207167,0.602562,0.735100,0.823600,64.749474,
37,13.784670,14.254171,0.895268,0.841042,0.829714,0.901339,0.944914,0.223487,0.642043,0.769006,0.849865,71.831808,
38,13.400051,13.784670,0.872606,0.816007,0.790859,0.877704,0.932334,0.208566,0.605634,0.737185,0.824613,64.937709,
39,13.400051,13.400051,0.878377,0.820508,0.798379,0.888649,0.935857,0.203464,0.604794,0.738818,0.827881,66.325296,
40,11.552048,13.506819,0.863314,0.789426,0.770143,0.874727,0.933984,0.194467,0.597133,0.731610,0.821438,61.314786,
41,11.552048,11.552048,0.893891,0.834488,0.829860,0.903631,0.943777,0.221875,0.641919,0.768513,0.848882,69.489928,
42,12.160062,12.330344,0.873376,0.807216,0.794287,0.884780,0.932517,0.206654,0.612613,0.743386,0.830027,64.434041,
43,11.577213,12.160062,0.880121,0.810883,0.803729,0.889145,0.939622,0.202602,0.611749,0.745957,0.835293,65.649845,
44,11.577213,11.577213,0.868237,0.800801,0.781911,0.872796,0.936586,0.197872,0.598300,0.732727,0.822899,62.372077,
45,13.238400,13.238400,0.896347,0.839454,0.834024,0.900924,0.946866,0.228506,0.643161,0.769428,0.850065,71.568050,
46,14.861856,14.861856,0.867220,0.820611,0.780647,0.867680,0.929744,0.215624,0.599883,0.729122,0.815285,64.410608,
47,16.114113,16.114113,0.882577,0.837755,0.808286,0.885435,0.935596,0.224409,0.615372,0.744356,0.831784,69.708581,
48,15.504813,16.162886,0.865608,0.806970,0.775001,0.871487,0.930482,0.212687,0.605060,0.736123,0.824475,65.378994,
49,15.504813,15.504813,0.895772,0.840244,0.829535,0.898879,0.947267,0.232447,0.651113,0.776052,0.854350,73.834441,
50,14.958129,15.871321,0.866046,0.807884,0.776320,0.874277,0.928533,0.214136,0.606426,0.736467,0.823701,64.935918,
51,14.301530,14.958129,0.874452,0.813252,0.795732,0.882179,0.933429,0.208802,0.608598,0.742774,0.831195,66.626688,
52,12.740968,14.301530,0.866595,0.801522,0.778906,0.873203,0.933009,0.211251,0.604743,0.738109,0.827058,63.394322,
53,12.740968,12.740968,0.894213,0.830652,0.826222,0.902724,0.946047,0.233912,0.648286,0.774898,0.854749,71.131045,
54,14.625512,14.725004,0.871805,0.811411,0.788188,0.875498,0.933602,0.220521,0.606642,0.737528,0.824534,65.816631,
55,14.625512,14.625512,0.878201,0.823464,0.798228,0.882359,0.935759,0.221200,0.606218,0.739634,0.829657,67.437942,
56,15.742856,15.742856,0.872917,0.821313,0.794245,0.877482,0.927995,0.232275,0.610851,0.741757,0.829653,67.368252,
57,15.409540,16.035439,0.895199,0.838928,0.828446,0.902587,0.943475,0.242613,0.644380,0.772897,0.853931,73.567821,
58,13.605394,15.409540,0.861121,0.796651,0.767932,0.863157,0.930436,0.212172,0.591182,0.727140,0.817807,62.388865,
59,12.491714,13.605394,0.876816,0.803509,0.797431,0.885883,0.938212,0.207289,0.597359,0.735370,0.827028,65.152912,
60,12.491714,12.491714,0.864987,0.798131,0.778713,0.872062,0.929058,0.219308,0.601401,0.736747,0.825471,62.742431,
61,12.375861,14.603685,0.892149,0.819921,0.827881,0.905303,0.943578,0.230655,0.642167,0.771431,0.853341,70.262815,
62,12.375861,12.375861,0.860268,0.789043,0.774057,0.874259,0.922754,0.210778,0.595284,0.731276,0.821918,61.465120,
63,13.995219,13.995219,0.875333,0.809487,0.799584,0.882486,0.934880,0.218334,0.605638,0.740277,0.830319,66.415579,
64,13.493668,14.479887,0.874356,0.820831,0.797205,0.876968,0.932752,0.231043,0.606921,0.738552,0.826983,65.476941,
65,13.493668,13.493668,0.893518,0.823467,0.829755,0.903644,0.945489,0.229404,0.640081,0.769621,0.851011,71.338825,
66,12.843948,14.090893,0.865937,0.802367,0.784614,0.871598,0.928346,0.217321,0.599969,0.734155,0.824351,63.117175,
67,12.767440,12.843948,0.878046,0.823004,0.802867,0.881633,0.935361,0.224458,0.606327,0.740793,0.829629,65.800714,
68,12.421055,12.767440,0.855069,0.781544,0.760007,0.863468,0.927778,0.204374,0.590171,0.729096,0.822904,60.612860,
69,12.421055,12.421055,0.894737,0.833219,0.831510,0.902214,0.945029,0.235159,0.641406,0.770999,0.852195,70.717775,
70,12.632691,12.632691,0.870087,0.803879,0.787931,0.874930,0.933929,0.213744,0.599030,0.735593,0.825870,63.882260,
71,13.391266,13.391266,0.877225,0.813501,0.799526,0.883384,0.937070,0.218385,0.605726,0.739698,0.827860,66.071942,
72,13.722844,13.870198,0.867131,0.797598,0.781201,0.872967,0.934962,0.216077,0.603256,0.738874,0.827925,64.447024,
73,13.218664,13.722844,0.896407,0.835343,0.831650,0.904577,0.946920,0.240792,0.645011,0.773236,0.854451,71.935952,
74,12.788831,13.218664,0.865842,0.797570,0.780391,0.876096,0.929655,0.215463,0.601415,0.738245,0.829658,63.495096,
75,12.734695,12.788831,0.875294,0.804808,0.797288,0.884692,0.936148,0.213753,0.604156,0.739838,0.830004,65.294790,
76,12.734695,12.734695,0.859693,0.776273,0.764767,0.871455,0.932706,0.209677,0.604008,0.739688,0.829778,62.307357,
77,11.806905,13.185507,0.895965,0.827260,0.830478,0.906039,0.948496,0.234300,0.643678,0.771954,0.853052,70.468115,
78,11.541086,11.806905,0.866793,0.789051,0.780346,0.879718,0.933773,0.209207,0.603265,0.739345,0.830198,62.619548,
79,11.541086,11.541086,0.875372,0.804198,0.797807,0.885628,0.937842,0.210626,0.608168,0.743188,0.832559,64.461798,
80,12.182599,12.182599,0.855941,0.788791,0.769877,0.864945,0.923447,0.203799,0.589989,0.727708,0.819952,60.342849,
81,11.968325,12.417568,0.892482,0.827483,0.831399,0.903604,0.942056,0.232487,0.644248,0.772148,0.852788,69.918374,
82,10.868410,11.968325,0.861674,0.783500,0.774479,0.871372,0.932281,0.208282,0.603007,0.739059,0.829911,61.010899,
83,10.639823,10.868410,0.874840,0.803069,0.797624,0.882585,0.938391,0.206759,0.602847,0.739961,0.832882,63.546906,
84,10.639823,10.639823,0.861573,0.778814,0.769841,0.870862,0.935766,0.207372,0.603059,0.740537,0.831167,60.908706,
85,11.459634,11.459634,0.895731,0.830552,0.831779,0.903984,0.947801,0.236374,0.648016,0.776040,0.856351,70.407274,
86,11.447573,12.035874,0.871477,0.800539,0.794292,0.880002,0.934256,0.218541,0.614873,0.747985,0.835052,63.822642,
87,10.981460,11.447573,0.876527,0.805811,0.802723,0.887700,0.935889,0.210055,0.606677,0.742128,0.832170,64.139353,
88,8.904878,10.981460,0.861488,0.779814,0.774930,0.875455,0.931260,0.205893,0.602398,0.738659,0.828477,59.073649,
89,8.904878,8.904878,0.894356,0.824119,0.832529,0.907057,0.945288,0.228859,0.645644,0.773574,0.853835,67.542663,
90,9.619921,9.619921,0.868881,0.796964,0.789396,0.878752,0.932572,0.213911,0.612371,0.745916,0.833848,61.547907,
91,10.059889,10.059889,0.876417,0.809281,0.799919,0.886877,0.934962,0.215923,0.608422,0.743178,0.832312,63.267482,
92,10.384031,11.543261,0.865988,0.793289,0.782699,0.877722,0.929818,0.215613,0.610591,0.744683,0.833016,61.628183,
93,10.384031,10.384031,0.893362,0.826171,0.832305,0.903988,0.943998,0.231293,0.644990,0.773442,0.853690,68.728090,
94,10.239181,11.445070,0.868590,0.800979,0.787476,0.878006,0.931955,0.215433,0.609445,0.744059,0.831942,61.920044,
95,10.239181,10.239181,0.876335,0.809305,0.803756,0.886733,0.933811,0.214406,0.607947,0.743594,0.833723,63.533522,
96,10.303464,10.539645,0.870642,0.799092,0.789198,0.883116,0.933080,0.214271,0.613324,0.749432,0.837517,62.850115,
97,10.303464,10.303464,0.894603,0.829356,0.832776,0.904817,0.944278,0.233690,0.643868,0.773007,0.853836,68.897177,
98,12.208267,12.208267,0.873219,0.812897,0.795219,0.880716,0.931997,0.223522,0.610117,0.744422,0.833149,64.661597,
99,12.316890,12.316890,0.876248,0.815673,0.802669,0.883221,0.932831,0.219926,0.607774,0.742339,0.832653,65.288043,
100,12.265483,13.616385,0.868351,0.800793,0.781488,0.877105,0.933586,0.216811,0.602934,0.739718,0.830995,63.612635,
101,12.265483,12.265483,0.895516,0.835272,0.830773,0.904258,0.945294,0.240143,0.645451,0.773148,0.853134,70.808735,
102,12.641637,13.025298,0.865181,0.796580,0.779112,0.874996,0.930151,0.214811,0.603753,0.740490,0.831410,63.387618,
103,11.708104,12.641637,0.876832,0.812461,0.801084,0.885818,0.934968,0.218084,0.607736,0.742625,0.832478,64.854136,
104,11.708104,11.708104,0.872606,0.794037,0.788746,0.885023,0.938145,0.213344,0.612782,0.748924,0.837969,64.537093,
105,11.769161,11.769161,0.896229,0.832566,0.833157,0.905465,0.945374,0.237609,0.645678,0.773944,0.855013,70.652599,
106,12.507898,12.507898,0.874237,0.797254,0.787992,0.885619,0.939969,0.216632,0.613876,0.749745,0.839533,65.674324,
107,12.503613,12.706962,0.875078,0.803801,0.798828,0.883758,0.936146,0.213659,0.605474,0.741386,0.830940,65.136961,
108,12.503613,12.503613,0.872416,0.805505,0.791488,0.879956,0.934996,0.223789,0.608691,0.742642,0.832657,64.705998,
109,12.096186,13.210225,0.895940,0.831792,0.833493,0.904897,0.945427,0.237216,0.642841,0.770846,0.852699,70.669819,
110,12.096186,12.096186,0.865076,0.795810,0.775297,0.871397,0.933454,0.217316,0.605470,0.740225,0.830398,62.776147,
111,12.431172,13.495630,0.880048,0.814171,0.803594,0.887437,0.939335,0.220598,0.606718,0.741411,0.833535,66.163848,
112,12.431172,12.431172,0.873303,0.808539,0.794303,0.881959,0.933411,0.222231,0.608373,0.742564,0.832316,64.795058,
113,12.581874,12.973129,0.896661,0.828845,0.834261,0.907130,0.947437,0.234838,0.644039,0.772497,0.854366,71.407995,
114,12.581874,12.581874,0.862363,0.782631,0.770381,0.873102,0.933817,0.211738,0.603446,0.740142,0.829359,62.666646,
115,12.690371,14.368548,0.879200,0.823631,0.803067,0.886413,0.934141,0.226517,0.605949,0.740511,0.831226,66.049147,
116,12.690371,12.690371,0.861761,0.786366,0.768610,0.870072,0.933858,0.211293,0.597256,0.735201,0.827916,62.497057,
117,13.157081,13.839499,0.896510,0.833769,0.835270,0.906022,0.944852,0.241573,0.644590,0.772372,0.853368,71.803738,
118,13.157081,13.157081,0.856036,0.785900,0.760145,0.861298,0.928441,0.208207,0.583659,0.722304,0.817127,60.971205,
119,12.117207,14.815366,0.879437,0.819061,0.801702,0.881406,0.940336,0.223055,0.605832,0.741081,0.831604,65.632333,
120,11.893814,12.117207,0.866420,0.802601,0.779029,0.870673,0.932526,0.214969,0.595332,0.732490,0.824987,62.419913,
121,11.893814,11.893814,0.898637,0.835993,0.834477,0.905255,0.949092,0.240592,0.644065,0.772577,0.854091,71.143945,
122,12.359965,13.171274,0.864393,0.787305,0.772290,0.873488,0.934610,0.207704,0.597479,0.735014,0.826916,62.642112,
123,12.359965,12.359965,0.877416,0.807374,0.796715,0.883588,0.940541,0.211804,0.601051,0.738350,0.829805,65.356641,
124,12.900558,12.900558,0.875925,0.804711,0.791482,0.881877,0.940605,0.222262,0.614487,0.749166,0.837266,66.161644,
125,13.033977,13.033977,0.896733,0.830644,0.831559,0.904880,0.947212,0.237563,0.645918,0.774336,0.854554,71.873552,
126,12.973847,13.632310,0.872997,0.801055,0.787270,0.879288,0.939749,0.219290,0.610861,0.745148,0.833089,65.323604,
127,12.973847,12.973847,0.879032,0.808059,0.800001,0.885421,0.941390,0.216686,0.606474,0.740686,0.830015,66.214146,
128,13.466914,13.630520,0.873689,0.799688,0.790113,0.882099,0.937855,0.221330,0.611978,0.745419,0.833445,65.905685,
129,12.326764,13.466914,0.897184,0.833252,0.831291,0.904909,0.947862,0.241093,0.645836,0.773662,0.853678,71.239189,
130,12.326764,12.326764,0.871141,0.794217,0.786562,0.880937,0.936473,0.216921,0.609310,0.744135,0.833738,64.428010,
131,12.416787,12.416787,0.877891,0.802431,0.797052,0.885098,0.942195,0.216736,0.610013,0.744965,0.834980,65.904009,
132,12.328545,12.645951,0.876187,0.803546,0.796169,0.883897,0.938231,0.221586,0.613117,0.746960,0.834442,65.468643,
133,12.205671,12.328545,0.899023,0.827572,0.832350,0.906667,0.952970,0.237548,0.646414,0.774667,0.855403,71.641596,
134,11.242416,12.205671,0.870438,0.785723,0.777318,0.880670,0.942114,0.215168,0.613689,0.748664,0.836865,63.600002,
135,11.242416,11.242416,0.881036,0.807206,0.804954,0.888673,0.941728,0.220511,0.617834,0.751776,0.840384,65.900805,
136,12.548763,12.624906,0.896832,0.826494,0.832313,0.908273,0.946609,0.238282,0.648286,0.775333,0.855608,71.535705,
137,12.548763,12.548763,0.866742,0.795860,0.780608,0.872606,0.932531,0.216886,0.601585,0.736707,0.827945,63.292220,
138,14.541743,14.541743,0.878388,0.810689,0.798060,0.884128,0.938609,0.222555,0.609823,0.744237,0.833042,67.709599,
139,15.991961,15.991961,0.874628,0.806052,0.786645,0.879518,0.938646,0.230476,0.611062,0.744628,0.832417,68.169368,
140,15.917336,16.596712,0.898513,0.839910,0.831850,0.903739,0.948327,0.250778,0.650189,0.777112,0.857431,74.955550,
141,15.917336,15.917336,0.866927,0.800186,0.774449,0.871652,0.934950,0.230827,0.606915,0.739963,0.828119,66.269736,
142,16.259094,16.897356,0.878777,0.818995,0.801158,0.882204,0.935716,0.230190,0.607775,0.740591,0.829537,68.924784,
143,15.292639,16.259094,0.869076,0.805280,0.783203,0.872001,0.933404,0.223984,0.598595,0.733209,0.823303,65.759954,
144,14.512220,15.292639,0.896414,0.827495,0.829268,0.904512,0.948764,0.243127,0.649457,0.776717,0.856282,73.262672,
145,14.095386,14.512220,0.870527,0.798512,0.786822,0.876078,0.935744,0.226001,0.611638,0.743156,0.830241,65.569724,
146,13.891772,14.095386,0.877136,0.808652,0.798029,0.883163,0.937751,0.225207,0.612858,0.745885,0.834698,67.018440,
147,13.891772,13.891772,0.873334,0.802209,0.791608,0.879028,0.935371,0.225792,0.610065,0.742500,0.830646,65.956830,
148,12.778450,14.581856,0.896561,0.823457,0.831163,0.906627,0.947315,0.240396,0.650747,0.777958,0.856595,71.810537,
149,12.778450,12.778450,0.869698,0.792231,0.784705,0.877990,0.934468,0.220848,0.611891,0.744408,0.830757,64.326055,
150,13.274553,13.274553,0.879471,0.808914,0.801489,0.887758,0.937670,0.222213,0.609212,0.744263,0.834201,66.895169,
151,14.265242,14.265242,0.874749,0.800694,0.791712,0.882714,0.937478,0.225374,0.609379,0.741984,0.830228,66.521845,
152,14.702398,14.702398,0.897558,0.830461,0.833512,0.904830,0.947873,0.246070,0.648801,0.775850,0.855798,73.594980,
153,15.668995,15.668995,0.872234,0.806979,0.791717,0.876304,0.933027,0.228376,0.607649,0.739240,0.826422,66.937589,
154,15.815904,15.815904,0.878962,0.810054,0.797874,0.885277,0.939992,0.223459,0.611573,0.745795,0.834337,69.015629,
155,16.256134,16.519712,0.873636,0.811030,0.789526,0.879800,0.933456,0.234593,0.607195,0.738363,0.825779,67.632431,
156,16.164101,16.256134,0.898566,0.836754,0.833135,0.906225,0.946582,0.250654,0.648434,0.775300,0.855167,74.980593,
157,16.164101,16.164101,0.858822,0.797774,0.769283,0.859714,0.926073,0.216667,0.578055,0.712316,0.805396,63.136907,
158,16.557243,16.557243,0.855370,0.803882,0.763373,0.854419,0.921595,0.209963,0.558264,0.695067,0.793422,61.926765,
159,17.021025,17.021025,0.871131,0.826889,0.791582,0.868747,0.928181,0.222351,0.572481,0.707547,0.803624,65.994219,
160,17.501139,17.501139,0.870808,0.818409,0.782082,0.871425,0.932197,0.233211,0.591922,0.725462,0.816866,67.383217,
161,16.951569,17.912218,0.900568,0.848739,0.836377,0.902674,0.948309,0.258563,0.650241,0.776964,0.857235,76.202194,
162,16.951569,16.951569,0.876895,0.821538,0.796370,0.877281,0.935842,0.238040,0.610345,0.741839,0.828593,69.078528,
163,15.843549,17.072361,0.881127,0.818244,0.801231,0.885229,0.939191,0.231630,0.610930,0.744030,0.831782,69.233461,
164,15.843549,15.843549,0.867684,0.802038,0.780383,0.871624,0.930588,0.226395,0.600211,0.733383,0.822095,65.866822,
165,15.798782,16.352219,0.898019,0.839654,0.829832,0.902428,0.948200,0.254013,0.650392,0.777148,0.856823,74.714157,
166,15.798782,15.798782,0.870951,0.801619,0.786489,0.879168,0.931641,0.228191,0.611527,0.743163,0.829161,67.046145,
167,15.501902,16.173981,0.878370,0.807699,0.797001,0.883556,0.939040,0.226833,0.608861,0.742880,0.832822,68.479051,
168,15.501902,15.501902,0.872266,0.805511,0.788007,0.876736,0.933194,0.230409,0.603211,0.736300,0.824950,66.672712,
169,15.458658,16.236382,0.897704,0.835493,0.831012,0.903917,0.946904,0.257160,0.652323,0.779574,0.859624,74.608374,
170,15.356850,15.458658,0.863134,0.773957,0.775144,0.874029,0.931257,0.212377,0.605225,0.740151,0.829999,65.250759,
171,15.263098,15.356850,0.878413,0.805949,0.797140,0.886179,0.939060,0.228619,0.613366,0.747148,0.834520,68.463901,
172,14.834664,15.263098,0.873954,0.800003,0.787645,0.884374,0.935193,0.229681,0.610823,0.742128,0.828183,66.708880,
173,14.553667,14.834664,0.896293,0.826588,0.829135,0.904973,0.946857,0.247533,0.650959,0.777959,0.857851,73.400650,
174,14.553667,14.553667,0.865948,0.782285,0.777537,0.878186,0.930176,0.212286,0.603538,0.737325,0.825475,64.747482,
175,14.890409,14.890409,0.878355,0.803742,0.798679,0.889514,0.936251,0.220795,0.609698,0.745085,0.834726,68.142567,
176,13.381062,15.621208,0.870557,0.795397,0.787288,0.879872,0.931640,0.220551,0.604938,0.737474,0.825536,64.574690,
177,12.312143,13.381062,0.894279,0.819085,0.826828,0.903945,0.946679,0.234915,0.645433,0.774683,0.856351,70.885711,
178,12.312143,12.312143,0.863171,0.784884,0.772567,0.868411,0.930883,0.212514,0.593223,0.728149,0.819139,61.716825,
179,14.121664,14.121664,0.882603,0.808991,0.805646,0.886700,0.942204,0.222982,0.610282,0.745562,0.835501,68.350385,
180,14.351541,14.351541,0.871958,0.800608,0.789898,0.877957,0.932378,0.227389,0.609630,0.741698,0.828981,65.965132,
181,14.523661,14.684030,0.897216,0.827809,0.831762,0.904487,0.947022,0.243979,0.645111,0.773269,0.854041,73.210866,
182,14.523661,14.523661,0.874165,0.801952,0.791013,0.880638,0.934879,0.229006,0.614842,0.745679,0.831595,66.758311,
183,14.790361,14.790361,0.887184,0.818236,0.813891,0.894381,0.941032,0.234371,0.619800,0.751633,0.837556,70.001354,
184,15.517115,16.301487,0.900899,0.833876,0.835944,0.908144,0.949445,0.251744,0.650213,0.777519,0.856809,75.054524,
185,15.517115,15.517115,0.875626,0.805180,0.798218,0.880016,0.934663,0.232220,0.611782,0.741113,0.825934,67.425094,
186,15.478742,15.908555,0.884089,0.817944,0.806133,0.889505,0.941366,0.232766,0.612746,0.745472,0.833748,69.642553,
187,15.057733,15.478742,0.879343,0.816531,0.801670,0.886971,0.933167,0.236691,0.610099,0.740024,0.826522,67.764210,
188,14.312695,15.057733,0.898915,0.828656,0.832552,0.908456,0.948457,0.247844,0.649975,0.778238,0.858616,73.775724,
189,14.312695,14.312695,0.878276,0.811627,0.798516,0.886258,0.934525,0.234125,0.610544,0.740618,0.826885,66.952951,
190,14.683385,14.952839,0.885708,0.821738,0.810849,0.893151,0.938755,0.234065,0.613683,0.745903,0.832803,69.211165,
191,12.590295,14.683385,0.870196,0.801147,0.790400,0.881123,0.926018,0.223564,0.596340,0.728694,0.818024,63.172946,
192,12.590295,12.590295,0.897992,0.825922,0.832966,0.908383,0.947386,0.243568,0.646882,0.775105,0.856026,71.825668,
193,13.776099,13.776099,0.867266,0.799084,0.781944,0.875865,0.926067,0.220938,0.590811,0.723566,0.813005,63.282721,
194,15.426575,15.634115,0.884329,0.823937,0.809634,0.889783,0.936921,0.232416,0.607689,0.740664,0.829081,69.258604,
195,15.426575,15.426575,0.869073,0.800829,0.786290,0.874319,0.928370,0.227786,0.595242,0.726524,0.814169,65.139019,
196,15.633600,17.045237,0.898554,0.836558,0.834424,0.902915,0.947740,0.248943,0.644000,0.772343,0.853929,74.396252,
197,15.633600,15.633600,0.874479,0.817661,0.798890,0.879412,0.927677,0.233324,0.601946,0.732354,0.820288,66.807286,
198,15.695457,15.695457,0.882544,0.824680,0.808685,0.885304,0.935935,0.232552,0.606724,0.739614,0.829188,69.131215,
199,15.948738,17.380001,0.871733,0.811175,0.791037,0.873068,0.929365,0.227697,0.595074,0.725688,0.813151,66.003125,
200,15.948738,15.948738,0.897162,0.839164,0.832179,0.901223,0.944110,0.249137,0.642717,0.770819,0.852913,74.286892,
201,16.971277,16.971277,0.872659,0.813749,0.794838,0.874656,0.928473,0.232426,0.607879,0.735204,0.820848,67.631839,
202,16.810295,17.238272,0.888216,0.833939,0.817386,0.888984,0.940050,0.242101,0.628715,0.756939,0.840875,72.184800,
203,16.810295,16.810295,0.897477,0.837968,0.832524,0.902506,0.944898,0.246225,0.647219,0.773632,0.852820,75.109702,
204,17.380514,17.679026,0.869417,0.814267,0.786012,0.869026,0.928135,0.226795,0.597000,0.725532,0.812264,66.675046,
205,17.073786,17.380514,0.881835,0.826665,0.804486,0.883998,0.935445,0.233210,0.612907,0.742146,0.828219,70.086672,
206,17.073786,17.073786,0.873953,0.817633,0.794560,0.874877,0.930624,0.230098,0.601873,0.729097,0.815672,67.535187,
207,16.552338,17.377735,0.894527,0.837231,0.828736,0.898910,0.943619,0.244855,0.646604,0.772503,0.851608,74.208919,
208,16.552338,16.552338,0.860425,0.803096,0.772000,0.861436,0.922949,0.218198,0.585452,0.715257,0.804405,63.677696,
209,16.256123,17.404577,0.877583,0.819583,0.801330,0.881623,0.932576,0.226726,0.609803,0.739298,0.825434,68.371769,
210,16.256123,16.256123,0.861152,0.806952,0.775172,0.859936,0.923539,0.215727,0.586393,0.715713,0.804407,63.570316,
211,16.541393,17.896698,0.894689,0.836724,0.826216,0.899941,0.943477,0.243166,0.644919,0.770503,0.849072,74.016406,
212,16.541393,16.541393,0.863872,0.806221,0.776783,0.866485,0.923595,0.219476,0.591880,0.720952,0.808236,64.625238,
213,15.124166,17.273195,0.879710,0.818315,0.801163,0.879765,0.938678,0.220577,0.605194,0.736871,0.825302,67.807129,
214,15.124166,15.124166,0.862182,0.794226,0.769406,0.868136,0.926713,0.214188,0.590067,0.720691,0.809284,63.199223,
215,14.662925,16.612799,0.892428,0.826569,0.822158,0.899033,0.944756,0.233839,0.640468,0.767003,0.846462,71.750032,
216,14.662925,14.662925,0.868376,0.805740,0.783727,0.873057,0.928426,0.215759,0.594561,0.723997,0.810694,64.093371,
217,14.817728,15.497337,0.878213,0.813178,0.798788,0.885630,0.934308,0.216507,0.602879,0.734783,0.821678,66.999927,
218,14.817728,14.817728,0.863968,0.799592,0.778498,0.872973,0.923417,0.209970,0.590791,0.721666,0.808833,63.272045,
219,15.483350,15.483350,0.892444,0.831981,0.824211,0.898210,0.943993,0.233874,0.639736,0.767133,0.847610,72.544566,
220,15.929952,15.929952,0.868449,0.812296,0.788014,0.873596,0.926381,0.218482,0.595337,0.723309,0.809690,65.090788,
221,16.339174,16.339174,0.885153,0.832125,0.814269,0.890257,0.935910,0.227876,0.612606,0.741929,0.826608,70.012380,
222,15.724831,17.064718,0.894214,0.834435,0.826719,0.903407,0.942529,0.236028,0.641981,0.769026,0.848630,73.196861,
223,15.638363,15.724831,0.872904,0.815853,0.794670,0.877643,0.929189,0.219084,0.597363,0.726502,0.813125,65.969693,
224,15.591728,15.638363,0.875543,0.812875,0.797635,0.882110,0.933313,0.215867,0.603606,0.735424,0.822096,67.185982,
225,13.920195,15.591728,0.867779,0.804055,0.783089,0.874094,0.929354,0.211578,0.589720,0.719225,0.806407,63.007766,
226,13.920195,13.920195,0.890107,0.827109,0.820358,0.895758,0.943318,0.235395,0.640261,0.766888,0.846379,70.639991,
227,16.517429,16.517429,0.863170,0.801655,0.771453,0.866892,0.927954,0.214248,0.589621,0.720167,0.807030,64.413476,
228,17.084450,17.761078,0.878562,0.825301,0.798282,0.879074,0.935988,0.224933,0.603965,0.735373,0.822664,69.026917,
229,15.840503,17.084450,0.864174,0.812965,0.778150,0.865911,0.924316,0.217652,0.588320,0.719033,0.807584,64.049311,
230,15.840503,15.840503,0.892123,0.837400,0.823039,0.896365,0.942233,0.239561,0.640732,0.767004,0.846507,72.691493,
231,17.072710,17.072710,0.866406,0.815934,0.786919,0.869582,0.922069,0.220474,0.594887,0.724028,0.809245,65.653419,
232,17.004658,17.497223,0.877043,0.818371,0.796291,0.882738,0.933788,0.219871,0.606422,0.737184,0.824817,68.837665,
233,17.004658,17.004658,0.871446,0.815409,0.791599,0.875318,0.928311,0.220762,0.597139,0.725204,0.811343,66.687512,
234,15.839541,17.225336,0.895369,0.833356,0.829515,0.902402,0.944256,0.237724,0.643140,0.768971,0.849117,73.537478,
235,15.609218,15.839541,0.860764,0.791311,0.768198,0.870423,0.925078,0.206454,0.590340,0.721674,0.809863,63.420589,
236,15.373707,15.609218,0.876446,0.808094,0.796196,0.882736,0.936853,0.214670,0.603456,0.735163,0.822606,67.203230,
237,14.642560,15.373707,0.861090,0.789741,0.769792,0.872476,0.923818,0.210528,0.592495,0.721898,0.808391,62.531699,
238,14.092452,14.642560,0.891699,0.823821,0.821039,0.901351,0.943782,0.237120,0.644922,0.770519,0.849167,71.351414,
239,14.092452,14.092452,0.863323,0.791571,0.776221,0.871285,0.926932,0.215368,0.593990,0.723946,0.809703,62.584248,
240,15.176728,15.176728,0.876105,0.805822,0.793282,0.883750,0.936077,0.219246,0.600979,0.733847,0.822441,66.944454,
241,15.368477,15.368477,0.865924,0.798618,0.780044,0.872386,0.927433,0.220930,0.590641,0.721816,0.810612,64.209156,
242,16.332472,16.697168,0.891930,0.827557,0.822885,0.899691,0.942417,0.241364,0.636459,0.764884,0.846944,73.072726,
243,15.886479,16.332472,0.866157,0.799346,0.779546,0.874844,0.926422,0.219416,0.588763,0.722752,0.814343,64.981827,
244,15.628633,15.886479,0.875334,0.806658,0.793015,0.880715,0.936767,0.220763,0.596664,0.732701,0.823806,67.286405,
245,15.231227,15.628633,0.867188,0.793779,0.780795,0.872950,0.931359,0.216512,0.586589,0.721011,0.812147,64.468158,
246,14.929306,15.231227,0.886324,0.813340,0.813694,0.893563,0.942048,0.228368,0.620146,0.752701,0.838042,70.023566,
247,14.490333,14.929306,0.873311,0.803612,0.794365,0.879590,0.931865,0.232853,0.613682,0.742646,0.827588,66.223220,
248,14.490333,14.490333,0.883610,0.816586,0.809524,0.890848,0.938101,0.243947,0.632408,0.760290,0.842780,69.500777,
249,14.186118,14.812268,0.877086,0.802605,0.793551,0.885127,0.939425,0.244038,0.640009,0.766082,0.844383,68.168163,
250,14.170483,14.186118,0.930013,0.870227,0.884862,0.938138,0.966585,0.325155,0.762277,0.864992,0.920202,86.482956,
251,14.170483,14.170483,0.891049,0.826206,0.818630,0.897796,0.945229,0.259223,0.654990,0.777256,0.852386,71.589024,
252,14.477834,14.550168,0.889650,0.825517,0.817686,0.895139,0.944226,0.246710,0.638057,0.767198,0.849170,71.239990,
253,14.477834,14.477834,0.873969,0.812445,0.792761,0.878926,0.933491,0.239485,0.617636,0.746965,0.831174,66.638298,
254,14.480193,14.480193,0.901523,0.843728,0.840702,0.907413,0.947541,0.259444,0.662497,0.787209,0.863883,74.955434,
255,14.324376,15.266344,0.877229,0.813296,0.801130,0.882137,0.934196,0.232770,0.612235,0.741964,0.827589,66.829087,
256,13.715961,14.324376,0.880845,0.818555,0.804003,0.889050,0.935585,0.231046,0.616058,0.748365,0.835064,67.626300,
257,11.683904,13.715961,0.870253,0.796958,0.782092,0.878784,0.934589,0.226892,0.606940,0.739381,0.828064,63.170133,
258,11.683904,11.683904,0.898640,0.827858,0.834934,0.909167,0.947935,0.246646,0.656625,0.782126,0.859730,71.501797,
259,11.750711,13.092827,0.874108,0.798522,0.793137,0.884064,0.935554,0.224577,0.613014,0.743692,0.830108,64.160359,
260,11.750711,11.750711,0.880195,0.808327,0.802507,0.887398,0.940338,0.226520,0.619079,0.751275,0.838248,66.012956,
261,12.300119,12.856543,0.876846,0.798674,0.793330,0.886564,0.940262,0.224955,0.618697,0.750141,0.835423,65.652373,
262,12.300119,12.300119,0.899411,0.831570,0.834192,0.908225,0.949414,0.248395,0.655192,0.781250,0.860385,72.244452,
263,13.052068,13.968246,0.873187,0.802874,0.790359,0.882641,0.933196,0.227549,0.611890,0.743742,0.830266,65.171164,
264,13.052068,13.052068,0.876408,0.805160,0.798858,0.885577,0.935107,0.220586,0.611911,0.747213,0.836122,66.291913,
265,11.818085,13.171659,0.869390,0.794595,0.781283,0.875731,0.936730,0.218318,0.603526,0.739087,0.828615,63.223771,
266,11.818085,11.818085,0.900385,0.830383,0.833960,0.908102,0.952249,0.246423,0.655299,0.781725,0.860308,72.009544,
267,14.126698,14.126698,0.870424,0.801185,0.787101,0.872534,0.934228,0.224507,0.604727,0.737534,0.825262,65.181360,
268,14.683971,14.683971,0.879724,0.811147,0.799207,0.886981,0.938194,0.223215,0.613254,0.747516,0.835766,68.322002,
269,13.567425,15.099452,0.869332,0.802195,0.784487,0.875270,0.931703,0.223409,0.607534,0.741026,0.828242,64.742046,
270,13.567425,13.567425,0.898600,0.831438,0.833613,0.907532,0.949750,0.244680,0.654754,0.781508,0.861298,73.303793,
271,13.824565,13.824565,0.873207,0.807053,0.796265,0.879830,0.932259,0.231896,0.619156,0.750208,0.836124,66.334681,
272,13.899444,14.133813,0.878815,0.812188,0.799684,0.889221,0.936208,0.227367,0.616607,0.750482,0.838485,67.683798,
273,12.350112,13.899444,0.869634,0.792274,0.779644,0.878473,0.937546,0.221968,0.612251,0.746502,0.834491,64.226842,
274,12.350112,12.350112,0.897282,0.826769,0.831909,0.907221,0.947833,0.243841,0.656214,0.782282,0.860421,71.904458,
275,12.578134,12.578134,0.867353,0.792885,0.781691,0.877113,0.931538,0.221461,0.609946,0.743973,0.832276,63.805927,
276,12.926277,12.926277,0.876918,0.805263,0.800078,0.887944,0.934480,0.225307,0.616427,0.749705,0.837619,66.384630,
277,13.598445,13.644288,0.867098,0.791731,0.777888,0.876705,0.932489,0.223104,0.613589,0.747515,0.835439,64.923808,
278,12.339586,13.598445,0.897433,0.823741,0.834638,0.906334,0.948288,0.240324,0.653777,0.780788,0.859671,71.856358,
279,12.339586,12.339586,0.868552,0.791454,0.779861,0.875909,0.934754,0.218932,0.608176,0.743420,0.833294,63.901443,
280,11.130183,12.713522,0.879764,0.803372,0.798842,0.886463,0.942162,0.219602,0.613768,0.749896,0.839103,65.463100,
281,11.130183,11.130183,0.867171,0.788168,0.774384,0.875267,0.935307,0.222387,0.607476,0.742619,0.832299,62.449962,
282,13.574031,13.574031,0.897916,0.828850,0.833732,0.904814,0.948456,0.247057,0.654719,0.781319,0.860334,73.099881,
283,14.000135,14.027617,0.870216,0.793992,0.781163,0.879587,0.934783,0.222700,0.610600,0.745135,0.834398,65.774307,
284,14.000135,14.000135,0.881393,0.814453,0.803666,0.888745,0.938714,0.224785,0.608879,0.744490,0.835019,67.961119,
285,14.894344,14.894344,0.865703,0.794399,0.776744,0.871219,0.931606,0.222994,0.602373,0.738114,0.830078,65.305193,
286,12.904156,15.920230,0.896604,0.823860,0.831767,0.906293,0.947998,0.243171,0.653336,0.780317,0.859961,72.205691,
287,12.904156,12.904156,0.863761,0.781407,0.769207,0.872704,0.934467,0.220066,0.608375,0.743853,0.833627,63.517281,
288,14.712775,14.936806,0.881157,0.815077,0.802212,0.887523,0.938281,0.232768,0.617603,0.751102,0.839743,68.923666,
289,14.712775,14.712775,0.870940,0.800361,0.781379,0.875826,0.936453,0.231847,0.615608,0.748645,0.836853,66.718177,
290,15.426197,15.588010,0.899678,0.836418,0.834879,0.907345,0.947937,0.251643,0.656924,0.782767,0.859948,75.055146,
291,15.426197,15.426197,0.871629,0.803416,0.784610,0.876756,0.936620,0.231037,0.616677,0.749531,0.837568,67.526268,
292,13.730142,15.470587,0.880853,0.812877,0.802780,0.887881,0.938370,0.229884,0.618646,0.752092,0.838914,67.976282,
293,13.730142,13.730142,0.874780,0.796378,0.787834,0.884285,0.938413,0.227567,0.620468,0.752903,0.837705,66.731964,
294,13.466010,14.122477,0.899028,0.827104,0.829639,0.909341,0.950940,0.243924,0.653944,0.780658,0.861447,73.290146,
295,13.466010,13.466010,0.871537,0.792400,0.784791,0.880733,0.937901,0.221823,0.615038,0.748722,0.836614,65.757127,
296,13.914202,13.914202,0.881852,0.814550,0.802968,0.889557,0.939611,0.229736,0.618103,0.750244,0.837994,68.222341,
297,14.556861,14.556861,0.874773,0.803772,0.788406,0.880493,0.938812,0.230784,0.613907,0.745728,0.832931,67.000280,
298,13.818809,15.262158,0.900087,0.828693,0.833116,0.907750,0.951356,0.249050,0.656776,0.782117,0.859968,73.723353,
299,13.175644,13.818809,0.875468,0.799393,0.790188,0.883560,0.938250,0.227673,0.617834,0.750718,0.838528,66.394228,
300,12.695342,13.175644,0.881426,0.807269,0.799614,0.889776,0.941968,0.227444,0.620227,0.752840,0.840402,67.276674,
301,12.695342,12.695342,0.874622,0.791030,0.787502,0.880693,0.944070,0.221031,0.619941,0.753350,0.839632,65.945333,
302,12.844443,12.844443,0.900028,0.827672,0.833067,0.908334,0.952149,0.245830,0.654124,0.779970,0.859651,72.782827,
303,12.933476,12.933476,0.874984,0.794446,0.788051,0.881279,0.941888,0.228116,0.618098,0.750480,0.837078,65.978552,
304,13.442531,14.444498,0.879554,0.803557,0.798891,0.884524,0.942088,0.225838,0.616428,0.749710,0.838931,67.436606,
305,13.442531,13.442531,0.873379,0.797543,0.786538,0.878711,0.938840,0.229564,0.618080,0.751281,0.839285,66.287208,
306,14.119733,14.119733,0.901409,0.836012,0.836615,0.907016,0.951212,0.253368,0.658298,0.784228,0.862586,74.476357,
307,14.718036,14.994647,0.877748,0.806359,0.795747,0.881201,0.941391,0.234431,0.622774,0.754520,0.840531,68.362250,
308,14.718036,14.718036,0.878601,0.807209,0.796036,0.888801,0.938408,0.227042,0.616749,0.750851,0.839728,68.446089,
309,14.899186,14.899186,0.873498,0.804724,0.789715,0.881068,0.935151,0.231110,0.616292,0.750197,0.837081,67.424748,
310,15.422058,15.422058,0.900555,0.840947,0.836057,0.905639,0.949252,0.258142,0.659080,0.785102,0.863769,75.535435,
311,15.477116,16.480276,0.872170,0.810357,0.786871,0.873169,0.935594,0.233221,0.607190,0.742137,0.833918,67.327895,
312,15.477116,15.477116,0.881337,0.818892,0.801331,0.884164,0.940880,0.234908,0.616326,0.750611,0.840551,69.663922,
313,14.908648,15.892776,0.868488,0.798901,0.775800,0.875926,0.934516,0.228321,0.610781,0.747329,0.838058,66.520456,
314,14.908648,14.908648,0.901157,0.836881,0.833139,0.908405,0.951125,0.256912,0.659951,0.785920,0.864068,75.252109,
315,14.981538,15.326003,0.876618,0.804573,0.790705,0.883201,0.939657,0.233327,0.621546,0.755256,0.842593,68.544957,
316,14.575171,14.981538,0.884477,0.816608,0.806488,0.890229,0.942337,0.235816,0.620346,0.753306,0.840738,69.542138,
317,12.247837,14.575171,0.864062,0.785916,0.766994,0.872197,0.935196,0.225764,0.611393,0.746422,0.835611,63.136117,
318,12.247837,12.247837,0.898147,0.819871,0.831402,0.909315,0.951140,0.243355,0.657736,0.783921,0.861712,72.109545,
319,13.221351,13.369908,0.874869,0.792597,0.792315,0.884567,0.939144,0.228902,0.627649,0.759902,0.845756,66.954538,
320,12.791060,13.221351,0.880905,0.801416,0.802308,0.890258,0.942473,0.223839,0.620721,0.754930,0.843135,67.507420,
321,11.398335,12.791060,0.874148,0.796558,0.792339,0.883197,0.937210,0.226489,0.621273,0.755223,0.843721,64.975608,
322,11.398335,11.398335,0.899100,0.823829,0.834592,0.910734,0.949545,0.245613,0.659846,0.785383,0.863839,71.687391,
323,11.287580,12.662367,0.858767,0.761784,0.759254,0.870609,0.936107,0.206816,0.611571,0.748717,0.839374,61.626082,
324,11.287580,11.287580,0.882346,0.811832,0.809677,0.890323,0.937932,0.226190,0.618437,0.751905,0.840762,66.200455,
325,13.103106,13.103106,0.877480,0.805158,0.797026,0.884563,0.938222,0.231589,0.623217,0.755879,0.843404,67.122087,
326,13.117369,13.117369,0.898254,0.829360,0.837518,0.909106,0.945084,0.247348,0.658328,0.783678,0.861798,72.900574,
327,14.672211,14.672211,0.864193,0.793822,0.779063,0.871773,0.928312,0.218158,0.602010,0.738183,0.830363,64.860877,
328,15.036965,15.036965,0.881573,0.821021,0.805375,0.887943,0.936563,0.236653,0.620806,0.752541,0.839949,69.297879,
329,16.394520,16.394520,0.877816,0.819176,0.792952,0.882258,0.937038,0.247656,0.627560,0.757056,0.841073,69.850041,
330,16.321230,16.487741,0.902415,0.844095,0.839150,0.907832,0.949068,0.259550,0.661466,0.786380,0.863250,76.649084,
331,15.747350,16.321230,0.877754,0.819390,0.796180,0.880174,0.935989,0.244572,0.622539,0.753860,0.839976,69.179797,
332,15.620856,15.747350,0.886142,0.823463,0.807270,0.886452,0.945581,0.238986,0.623785,0.756698,0.843058,70.975378,
333,15.459153,15.620856,0.881146,0.823323,0.802106,0.883087,0.937293,0.247143,0.629077,0.759618,0.843620,69.927724,
334,14.451196,15.459153,0.901408,0.838894,0.836078,0.905865,0.951529,0.256492,0.661483,0.787020,0.863921,74.915801,
335,14.451196,14.451196,0.876108,0.809167,0.793291,0.878566,0.939140,0.233736,0.620592,0.753314,0.840096,67.775197,
336,13.823380,14.937332,0.882930,0.809182,0.802110,0.888470,0.944368,0.227000,0.618898,0.753656,0.841996,68.712753,
337,13.823380,13.823380,0.877310,0.802085,0.795795,0.881572,0.940448,0.230999,0.623047,0.756638,0.843356,67.749404,
338,13.907626,13.907626,0.900381,0.825205,0.834179,0.909627,0.952711,0.248476,0.662462,0.788048,0.865955,74.408942,
339,14.485532,14.485532,0.861312,0.796309,0.767956,0.863015,0.929127,0.223580,0.600297,0.737188,0.829446,64.072716,
340,15.016614,15.452709,0.883952,0.806950,0.802113,0.891667,0.946145,0.225349,0.621112,0.756265,0.844465,70.163626,
341,15.016614,15.016614,0.865089,0.787465,0.770183,0.869123,0.937240,0.224841,0.616197,0.751999,0.840448,66.197470,
342,14.508314,15.727268,0.899617,0.833174,0.832965,0.908572,0.948842,0.253191,0.661504,0.786961,0.864347,74.642452,
343,14.508314,14.508314,0.877561,0.811894,0.792429,0.882613,0.938931,0.232217,0.617588,0.752222,0.841441,68.198210,
344,13.228549,15.570835,0.883561,0.804151,0.801100,0.894902,0.944921,0.218578,0.616850,0.752817,0.841859,68.319081,
345,12.959549,13.228549,0.869765,0.782671,0.780464,0.877986,0.940160,0.214373,0.618514,0.754894,0.844100,65.619476,
346,11.744107,12.959549,0.898654,0.824444,0.830960,0.909554,0.949891,0.242353,0.659216,0.785562,0.862879,71.870470,
347,11.114960,11.744107,0.860955,0.766579,0.762535,0.872983,0.935581,0.208152,0.615345,0.753520,0.842823,62.201247,
348,11.114960,11.114960,0.880215,0.802171,0.801086,0.892608,0.938800,0.219883,0.621178,0.756330,0.844416,65.990781,
349,11.396291,11.396291,0.867680,0.780717,0.775634,0.877409,0.937945,0.215604,0.617001,0.753678,0.843059,63.722788,
350,11.551023,11.551023,0.900786,0.828169,0.838236,0.913252,0.947744,0.248021,0.664211,0.789610,0.866979,72.468756,
351,11.872111,11.872111,0.877893,0.798026,0.793504,0.888565,0.940147,0.227998,0.630896,0.763067,0.848902,66.598522,
352,11.616995,13.049775,0.886057,0.810822,0.806328,0.890126,0.947571,0.229721,0.627883,0.759823,0.846681,67.735503,
353,11.616995,11.616995,0.879464,0.798309,0.795911,0.889022,0.941946,0.230980,0.633154,0.765262,0.849972,66.776002,
354,12.569952,12.569952,0.901326,0.828608,0.837645,0.913580,0.949179,0.248321,0.662825,0.788469,0.866706,73.463097,
355,12.839249,12.973871,0.872543,0.790420,0.783717,0.882696,0.938632,0.226256,0.625508,0.759579,0.846231,66.216537,
356,12.461597,12.839249,0.882839,0.807596,0.804443,0.896775,0.938460,0.227997,0.626520,0.760407,0.847339,67.955886,
357,12.461597,12.461597,0.869760,0.782256,0.775919,0.880677,0.940121,0.224247,0.626446,0.761726,0.848091,65.522742,
358,13.402881,13.890011,0.902633,0.830818,0.838146,0.911743,0.952271,0.250429,0.664088,0.789398,0.866405,74.464906,
359,11.033596,13.402881,0.871213,0.787089,0.779301,0.885207,0.936956,0.222851,0.623495,0.758856,0.845970,64.316935,
360,11.033596,11.033596,0.884114,0.802895,0.804247,0.893755,0.945526,0.222158,0.623789,0.759103,0.847853,66.947899,
361,10.818499,11.617356,0.872546,0.785341,0.782844,0.884595,0.940506,0.217260,0.618594,0.754915,0.843933,64.201037,
362,10.818499,10.818499,0.903348,0.830142,0.839195,0.915096,0.952207,0.249236,0.666285,0.791219,0.867383,72.355238,
363,10.754942,11.045686,0.877108,0.790307,0.795630,0.887015,0.942785,0.223312,0.630426,0.764074,0.849916,65.539984,
364,9.883264,10.754942,0.882963,0.796143,0.804550,0.896663,0.944318,0.219418,0.629226,0.762784,0.848251,65.744154,
365,9.883264,9.883264,0.883206,0.803506,0.806568,0.894633,0.942683,0.231575,0.635971,0.767404,0.850322,65.953772,
366,10.800358,10.800358,0.901887,0.824748,0.838982,0.914043,0.951604,0.242968,0.661814,0.788365,0.866335,71.939771,
367,10.960394,10.960394,0.875875,0.795196,0.793803,0.887242,0.937937,0.225508,0.627409,0.760825,0.846265,65.175978,
368,12.292824,12.292824,0.884079,0.808589,0.808331,0.896782,0.940052,0.228584,0.627018,0.758922,0.843936,67.766341,
369,12.167509,12.636406,0.880827,0.800027,0.800537,0.891373,0.942494,0.229698,0.631205,0.763264,0.848384,67.399786,
370,12.167509,12.167509,0.902440,0.834225,0.839494,0.911540,0.950910,0.249426,0.661460,0.786905,0.863715,73.072258,
371,12.574225,13.447347,0.877712,0.795930,0.791794,0.890009,0.940782,0.225790,0.623994,0.757907,0.844845,66.855395,
372,11.860854,12.574225,0.886502,0.803291,0.806277,0.895814,0.948492,0.223851,0.620575,0.754123,0.841422,67.620459,
373,11.860854,11.860854,0.880483,0.796518,0.798630,0.890647,0.944307,0.229398,0.628359,0.758782,0.843972,66.657849,
374,11.931967,11.931967,0.901650,0.825054,0.835489,0.912934,0.953565,0.248341,0.657325,0.782277,0.860881,72.397820,
375,12.426414,13.165074,0.874053,0.787890,0.787328,0.885209,0.940140,0.230214,0.621159,0.752224,0.837935,65.410572,
376,12.331201,12.426414,0.881901,0.803213,0.803024,0.892485,0.940943,0.232877,0.624360,0.754009,0.838938,66.918379,
377,12.331201,12.331201,0.874446,0.788600,0.784884,0.890650,0.937293,0.233579,0.623901,0.751759,0.835528,65.187312,
378,12.230481,13.651711,0.899550,0.825420,0.836058,0.909457,0.949890,0.250701,0.657977,0.780145,0.857236,71.927611,
379,12.230481,12.230481,0.873104,0.792207,0.788392,0.882701,0.937863,0.229743,0.624329,0.751808,0.834837,64.798387,
380,12.395185,13.112629,0.882112,0.805228,0.804834,0.890731,0.942107,0.224580,0.621384,0.749589,0.832993,66.549227,
381,12.395185,12.395185,0.881829,0.806789,0.804410,0.888450,0.942097,0.235455,0.632433,0.756725,0.837271,66.835898,
382,12.410104,12.410104,0.898486,0.823426,0.834512,0.908939,0.949062,0.242224,0.657558,0.777461,0.851025,71.394243,
383,12.620124,12.620124,0.874995,0.793885,0.793952,0.886290,0.937175,0.227808,0.631194,0.754934,0.834637,65.520435,
384,12.866619,13.283021,0.886353,0.822319,0.817638,0.894750,0.938566,0.237201,0.635454,0.757262,0.836439,68.064253,
385,12.866619,12.866619,0.901174,0.835895,0.842240,0.911092,0.947311,0.245887,0.664396,0.782217,0.854387,72.646421,
386,12.680609,13.213113,0.874368,0.807912,0.797398,0.881777,0.932784,0.224723,0.623989,0.747188,0.828314,64.902326,
387,12.352164,12.680609,0.879103,0.801740,0.803581,0.886821,0.940705,0.216130,0.622715,0.746729,0.827240,65.475018,
388,11.652883,12.352164,0.864847,0.785213,0.779565,0.873367,0.932267,0.211593,0.610978,0.738005,0.823460,61.767919,
389,10.024116,11.652883,0.896636,0.830266,0.833826,0.906246,0.946761,0.240458,0.662580,0.779391,0.851330,68.857197,
390,9.966704,10.024116,0.876948,0.802417,0.803462,0.885753,0.937220,0.224552,0.637189,0.757501,0.833665,63.415756,
391,9.966704,9.966704,0.880825,0.812328,0.807438,0.887121,0.940632,0.221807,0.630978,0.753353,0.832041,64.018087,
392,10.599642,11.444246,0.871567,0.798030,0.788066,0.881142,0.936864,0.219984,0.630703,0.753469,0.832502,62.859742,
393,9.870109,10.599642,0.897817,0.835116,0.837947,0.904463,0.948039,0.239993,0.662754,0.779514,0.851771,68.978390,
394,9.870109,9.870109,0.875420,0.812436,0.802735,0.881221,0.933262,0.226530,0.632216,0.752609,0.829692,62.673181,
395,10.593540,10.593540,0.880642,0.812852,0.805033,0.887742,0.940304,0.223948,0.634023,0.755439,0.834295,64.734590,
396,10.394710,10.835039,0.882174,0.820767,0.809321,0.887786,0.937745,0.232310,0.638310,0.757912,0.833667,64.803554,
397,10.394710,10.394710,0.900144,0.837618,0.837533,0.906441,0.950477,0.242533,0.663051,0.780022,0.851674,69.932236,
398,10.724272,10.724272,0.882375,0.818066,0.807840,0.890053,0.939225,0.230519,0.636357,0.755764,0.831951,64.999174,
399,10.905046,10.905046,0.885202,0.818950,0.808266,0.894840,0.942538,0.223206,0.631107,0.753352,0.831972,65.727479,
400,10.726182,11.452273,0.882711,0.815952,0.804514,0.889323,0.942336,0.229185,0.634552,0.755273,0.832497,65.112361,
401,10.474938,10.726182,0.899951,0.835575,0.833312,0.909187,0.950185,0.239219,0.661265,0.777422,0.848721,69.712105,
402,10.474938,10.474938,0.879343,0.810520,0.799547,0.892181,0.936744,0.226387,0.632910,0.752536,0.828743,63.924536,
403,9.359941,10.550047,0.881529,0.813570,0.801338,0.894455,0.938423,0.225066,0.629395,0.750970,0.829398,63.346774,
404,9.359941,9.359941,0.905837,0.841302,0.844010,0.915053,0.953886,0.246637,0.669847,0.785621,0.855288,70.428619,
405,8.894272,10.412028,0.886333,0.814804,0.808510,0.898038,0.943651,0.231253,0.642136,0.761397,0.836147,64.428102,
406,8.894272,8.894272,0.894032,0.822425,0.817521,0.906666,0.949470,0.228684,0.639288,0.761043,0.838284,66.104409,
407,9.942955,9.999347,0.890861,0.821303,0.815463,0.899975,0.947433,0.230179,0.642143,0.763550,0.840639,66.674201,
408,9.942955,9.942955,0.907470,0.842014,0.843025,0.912567,0.958631,0.244262,0.668450,0.784346,0.855536,71.303924,
409,9.548598,10.411848,0.893402,0.825847,0.816352,0.900254,0.951061,0.234066,0.642781,0.762488,0.837225,66.518763,
410,9.164229,9.548598,0.896937,0.829338,0.823931,0.908049,0.950963,0.227609,0.638438,0.760874,0.837306,66.871864,
411,8.788089,9.164229,0.894123,0.821511,0.819940,0.909283,0.947182,0.230234,0.647489,0.767492,0.841948,66.369283,
412,7.316800,8.788089,0.908317,0.839940,0.847293,0.921775,0.954912,0.240630,0.669496,0.786025,0.856096,69.028270,
413,7.296171,7.316800,0.894484,0.820294,0.821928,0.909309,0.948803,0.228706,0.643975,0.764695,0.840034,64.830106,
414,7.296171,7.296171,0.895358,0.823819,0.824924,0.908299,0.949519,0.224823,0.643348,0.765504,0.840817,65.101578,
415,6.689495,7.551285,0.892101,0.822002,0.819978,0.905053,0.946681,0.227094,0.642545,0.764127,0.840095,63.781792,
416,6.689495,6.689495,0.908367,0.843948,0.849535,0.921556,0.953332,0.243090,0.668564,0.784705,0.855081,68.305244,
417,6.796695,6.796695,0.892188,0.820277,0.817525,0.907603,0.946897,0.232334,0.646243,0.767119,0.842212,64.073048,
418,7.600117,7.600117,0.898029,0.824836,0.828101,0.909477,0.953273,0.230170,0.647841,0.768722,0.844388,66.189163,
419,7.596139,8.227013,0.900735,0.832174,0.835265,0.909180,0.952918,0.240068,0.653103,0.772021,0.846179,66.846865,
420,7.596139,7.596139,0.910019,0.845100,0.849430,0.917675,0.958779,0.243849,0.671070,0.786908,0.856880,69.697008,
421,9.049682,9.148076,0.897105,0.828101,0.827718,0.904271,0.952683,0.237729,0.655239,0.772664,0.845739,67.514252,
422,9.049682,9.049682,0.898030,0.829688,0.829101,0.907880,0.951401,0.232623,0.649554,0.769840,0.845563,67.672173,
423,9.244884,9.244884,0.897989,0.833261,0.831650,0.908531,0.947857,0.239550,0.653427,0.771351,0.845406,67.823567,
424,9.175536,9.689010,0.911256,0.848123,0.853874,0.920516,0.956796,0.246665,0.671536,0.786375,0.856778,71.440102,
425,9.036736,9.175536,0.899715,0.833439,0.834281,0.905974,0.953126,0.237863,0.652839,0.769708,0.843358,67.786555,
426,9.036736,9.036736,0.898157,0.829062,0.828121,0.908380,0.952672,0.232646,0.649706,0.768907,0.843602,67.521661,
427,8.951626,9.736089,0.899443,0.831558,0.833243,0.911713,0.950043,0.235948,0.649024,0.767294,0.842318,67.552534,
428,8.878129,8.951626,0.912245,0.849060,0.857431,0.920351,0.957605,0.248210,0.671150,0.786119,0.856502,71.322033,
429,8.646379,8.878129,0.903459,0.834444,0.837409,0.913533,0.955125,0.243854,0.657437,0.773594,0.845640,68.358853,
430,8.030560,8.646379,0.898785,0.824825,0.831841,0.909728,0.952943,0.235263,0.653126,0.771478,0.845693,66.853948,
431,8.030560,8.030560,0.901057,0.832542,0.835544,0.911137,0.953003,0.236716,0.645952,0.765552,0.841917,66.931862,
432,9.300035,9.934558,0.912590,0.846153,0.855346,0.923032,0.957995,0.247503,0.669369,0.784794,0.855842,71.726829,
433,9.110941,9.300035,0.906351,0.835979,0.846859,0.914087,0.956508,0.247262,0.666207,0.780714,0.851678,69.919154,
434,6.921607,9.110941,0.915253,0.845140,0.859094,0.925716,0.960977,0.250554,0.677035,0.791160,0.860065,70.351340,
435,6.921607,6.921607,0.903094,0.827260,0.837971,0.915235,0.954698,0.241358,0.659599,0.777105,0.849575,66.968399,
436,6.810476,7.988574,0.902884,0.822464,0.836721,0.916730,0.955500,0.238578,0.662041,0.779411,0.850178,66.917883,
437,6.810476,6.810476,0.898985,0.819989,0.832989,0.911701,0.952116,0.234864,0.654982,0.773432,0.845876,65.756917,
438,6.368550,7.694720,0.914624,0.847108,0.861929,0.922813,0.959302,0.253544,0.679989,0.794513,0.863219,69.964111,
439,6.144955,6.368550,0.896598,0.821148,0.831672,0.904710,0.950972,0.239312,0.658632,0.776458,0.849378,64.904573,
440,6.144955,6.144955,0.898826,0.819713,0.832058,0.906229,0.955959,0.233648,0.654274,0.774741,0.850566,65.440118,
441,6.227813,6.227813,0.898195,0.821538,0.835039,0.906927,0.951755,0.240571,0.659298,0.777769,0.851618,65.482263,
442,5.423072,6.858976,0.916263,0.845514,0.862258,0.927733,0.960216,0.252279,0.680687,0.795924,0.865782,69.559542,
443,5.335551,5.423072,0.908992,0.837190,0.850488,0.919348,0.956153,0.249377,0.667863,0.784639,0.857329,67.204993,
444,4.540690,5.335551,0.910224,0.833759,0.847679,0.920325,0.960790,0.250551,0.674621,0.791766,0.864569,67.301060,
445,4.540690,4.540690,0.904767,0.826312,0.844649,0.911741,0.957067,0.248562,0.673733,0.790099,0.863219,66.090119,
446,4.847049,5.971320,0.917499,0.845129,0.864648,0.926474,0.961750,0.256257,0.690324,0.804658,0.873928,69.977531,
447,4.847049,4.847049,0.908139,0.832687,0.849141,0.916362,0.957305,0.252747,0.678943,0.794460,0.864633,67.241910,
448,4.778107,5.413407,0.912889,0.839765,0.855069,0.921152,0.960154,0.258111,0.682189,0.798018,0.868293,68.434249,
449,4.778107,4.778107,0.907972,0.834009,0.851612,0.916295,0.954871,0.254810,0.682152,0.797633,0.867284,67.387803,
450,5.283724,5.283724,0.917386,0.845940,0.864913,0.926324,0.961061,0.260796,0.694676,0.809886,0.877815,70.797071,
451,5.260669,5.873318,0.907643,0.831020,0.848493,0.918361,0.955665,0.254095,0.681596,0.798339,0.869409,67.993754,
452,5.260669,5.260669,0.909819,0.830058,0.849131,0.921882,0.958527,0.255819,0.686813,0.803243,0.874077,68.861905,
453,5.682316,6.392940,0.909132,0.829603,0.850465,0.919650,0.957684,0.256347,0.688174,0.803863,0.874217,69.169862,
454,5.682316,5.682316,0.919826,0.846749,0.864886,0.928729,0.964772,0.264793,0.700773,0.815903,0.884288,72.294144,
455,4.035049,5.696258,0.906419,0.827258,0.843039,0.914976,0.958203,0.254020,0.678190,0.797451,0.871400,66.637652,
456,4.035049,4.035049,0.902058,0.815377,0.832765,0.913032,0.957943,0.244422,0.673152,0.795796,0.871681,65.834053,
457,5.126847,5.295380,0.910049,0.834182,0.850787,0.918310,0.958589,0.261870,0.685473,0.803533,0.875811,68.888259,
458,4.436215,5.126847,0.922551,0.850225,0.871249,0.929930,0.966601,0.270016,0.706795,0.821055,0.888189,71.945319,
459,3.862257,4.436215,0.917197,0.839939,0.864556,0.927217,0.961958,0.270496,0.703703,0.816650,0.883584,69.812695,
460,3.515786,3.862257,0.914693,0.831222,0.858198,0.926362,0.963075,0.264267,0.702177,0.817340,0.884999,69.112831,
461,3.515786,3.515786,0.914491,0.838248,0.861045,0.924856,0.959648,0.266657,0.698773,0.814317,0.882980,68.843008,
462,3.953509,3.953509,0.922531,0.849433,0.873488,0.932662,0.964096,0.273473,0.711825,0.825337,0.890883,71.725637,
463,2.458760,5.120553,0.906665,0.828806,0.841838,0.918353,0.956844,0.253265,0.682447,0.803033,0.876063,65.524985,
464,2.458760,2.458760,0.915849,0.834669,0.859004,0.927862,0.962770,0.267507,0.704494,0.818848,0.886462,68.352853,
465,2.499004,2.962479,0.916522,0.839194,0.863271,0.926463,0.962139,0.270878,0.704694,0.818513,0.885691,68.445684,
466,2.499004,2.499004,0.922151,0.848890,0.872965,0.931521,0.964703,0.273439,0.712713,0.826106,0.891527,70.177488,
467,2.186413,3.899848,0.920120,0.845108,0.870022,0.930585,0.962610,0.277873,0.714024,0.825689,0.890727,69.333201,
468,2.186413,2.186413,0.918979,0.837869,0.865409,0.930610,0.964549,0.272713,0.710653,0.824075,0.890768,69.102297,
469,2.291900,2.291900,0.918112,0.842581,0.867150,0.929807,0.959801,0.275978,0.708236,0.821540,0.888453,68.790980,
470,2.328869,2.328869,0.923603,0.852074,0.875796,0.933655,0.963586,0.278610,0.714671,0.828345,0.894269,70.523130,
471,2.379621,2.472606,0.920516,0.845552,0.870234,0.930640,0.963002,0.278595,0.711881,0.824095,0.889442,69.484648,
472,2.379621,2.379621,0.916877,0.836626,0.862465,0.928495,0.962551,0.268604,0.704751,0.820724,0.888366,68.666470,
473,2.172379,2.703043,0.917539,0.841832,0.866206,0.926734,0.961814,0.272229,0.703465,0.818598,0.886131,68.339580,
474,2.172379,2.172379,0.924601,0.852751,0.876347,0.934037,0.965376,0.279999,0.713931,0.827374,0.893056,70.434455,
475,2.685054,2.732228,0.914314,0.832170,0.859388,0.925411,0.961252,0.272460,0.712799,0.825486,0.890141,68.685403,
476,2.605415,2.685054,0.922883,0.855090,0.876671,0.931613,0.961886,0.283242,0.711954,0.824972,0.890129,70.258387,
477,1.890553,2.605415,0.926606,0.858488,0.879282,0.935707,0.965988,0.287715,0.722821,0.835697,0.899665,71.202017,
478,1.890553,1.890553,0.918746,0.846821,0.867851,0.927479,0.961850,0.282966,0.710114,0.822649,0.888929,68.512089,
479,2.633634,2.633634,0.912671,0.833368,0.856607,0.923470,0.959569,0.270189,0.697165,0.812411,0.880437,67.304827,
480,2.202401,3.049510,0.915747,0.839224,0.862598,0.924856,0.961192,0.272620,0.701674,0.816930,0.884865,67.879001,
481,1.970524,2.202401,0.916284,0.844448,0.865821,0.925122,0.958966,0.281111,0.710501,0.823811,0.889378,68.182518,
482,1.970524,1.970524,0.924176,0.853961,0.875891,0.933127,0.965099,0.285510,0.720031,0.833286,0.896705,70.530056,
483,2.110162,2.225190,0.916503,0.839026,0.865458,0.926799,0.960509,0.275056,0.708876,0.822624,0.888642,68.325303,
484,2.110162,2.110162,0.914256,0.838388,0.862544,0.923434,0.958919,0.269232,0.694372,0.811085,0.879848,67.009792,
485,2.161328,2.161328,0.916532,0.841045,0.864559,0.924726,0.962260,0.270502,0.697652,0.815392,0.884358,67.947728,
486,2.040548,2.399280,0.918234,0.846571,0.865639,0.924347,0.964495,0.277018,0.701658,0.819091,0.887092,68.413284,
487,2.040548,2.040548,0.922164,0.847561,0.872685,0.929796,0.966847,0.279500,0.715559,0.831080,0.896205,70.148084,
488,1.851438,3.015354,0.919450,0.847115,0.870445,0.927314,0.962786,0.283096,0.714880,0.829379,0.894512,69.206150,
489,1.724517,1.851438,0.922830,0.852069,0.874586,0.931691,0.964269,0.283864,0.716236,0.831376,0.897166,69.995228,
490,1.724517,1.724517,0.915399,0.843055,0.863481,0.924029,0.959570,0.276547,0.703262,0.819899,0.888511,67.627163,
491,1.790103,1.790103,0.912252,0.834245,0.856726,0.921142,0.960267,0.267730,0.696796,0.816167,0.886665,66.910845,
492,1.914715,2.584556,0.911313,0.840016,0.857197,0.918686,0.957196,0.266176,0.686667,0.808152,0.880917,66.277343,
493,1.914715,1.914715,0.917450,0.847029,0.864584,0.925646,0.961292,0.274497,0.697966,0.817536,0.887686,68.154159,
494,2.316835,2.340564,0.898500,0.819676,0.835839,0.904777,0.952514,0.249698,0.668158,0.794285,0.871048,63.289233,
495,1.747234,2.316835,0.908997,0.833495,0.852109,0.916225,0.957680,0.260828,0.677077,0.800046,0.875157,65.087285,
496,1.729538,1.747234,0.903102,0.828763,0.844005,0.908577,0.954520,0.254735,0.668460,0.793083,0.869798,63.425637,
497,1.729538,1.729538,0.905535,0.832538,0.845366,0.911885,0.956590,0.254159,0.664276,0.789813,0.867963,63.717470,
498,1.766021,1.766021,0.896134,0.820337,0.831433,0.900211,0.953006,0.241591,0.646144,0.774151,0.855874,60.864009,
499,1.849082,1.849082,0.895413,0.818846,0.828763,0.901258,0.951917,0.236830,0.636880,0.765930,0.849579,60.268242,
